{
  "strategy": "learned",
  "feature_order": [
    "resnet18",
    "efficientnet_b0",
    "vit_b16"
  ],
  "coef": [
    [
      0.14464447495992677,
      3.5407172479167417,
      -0.719055891801999
    ]
  ],
  "intercept": -0.48984559114444126,
  "scaler_mean": [
    0.5501618897015194,
    0.4925580612530334,
    0.7505226981143501
  ],
  "scaler_std": [
    0.022837860341505273,
    0.47488802329583507,
    0.43141683075835735
  ]
}