{
  "strategy": "learned",
  "feature_order": [
    "resnet18",
    "efficientnet_b0",
    "vit_b16"
  ],
  "coef": [
    [
      0.7166245183590872,
      0.8069297008275925,
      0.8069297674856912
    ]
  ],
  "intercept": -1.9282246750302325,
  "scaler_mean": [
    0.4999924873312314,
    0.2500000000102007,
    0.25000002156436424
  ],
  "scaler_std": [
    1.5662275097947122e-06,
    0.43301270188632995,
    0.43301268944203336
  ]
}