{
  "strategy": "learned",
  "feature_order": [
    "resnet18",
    "efficientnet_b0",
    "vit_b16"
  ],
  "coef": [
    [
      0.5576098877072603,
      0.49211473087721164,
      -0.776582338944851
    ]
  ],
  "intercept": -0.03610091117630089,
  "scaler_mean": [
    0.5127759702363104,
    0.8621756409649078,
    0.7505226981143501
  ],
  "scaler_std": [
    0.02144325907379091,
    0.33815185217210586,
    0.43141683075835735
  ]
}