{
  "strategy": "learned",
  "feature_order": [
    "resnet18",
    "efficientnet_b0",
    "vit_b16"
  ],
  "coef": [
    [
      -0.3009771902595981,
      2.9494064205313077,
      1.4758748582052754
    ]
  ],
  "intercept": -0.7255078018709937,
  "scaler_mean": [
    0.4433536041738852,
    0.4925580612530334,
    0.5057060107136715
  ],
  "scaler_std": [
    0.030879657013234224,
    0.47488802329583507,
    0.4226723685742137
  ]
}